TableId,TableName,ColumnName,ColumnType,IsMetric,IsCurrency,IsCommon,IsCommonMetric,IsCommonField
6f2ce863-ece8-442c-b5fb-bd59075914a9,campaign,filename,String,FALSE,FALSE,FALSE,FALSE,FALSE
6f2ce863-ece8-442c-b5fb-bd59075914a9,campaign,brand1,String,FALSE,TRUE,TRUE,FALSE,TRUE
6f2ce863-ece8-442c-b5fb-bd59075914a9,campaign,brand2,String,FALSE,TRUE,TRUE,FALSE,TRUE
6f2ce863-ece8-442c-b5fb-bd59075914a9,campaign,brand3,String,FALSE,TRUE,TRUE,FALSE,TRUE
6f2ce863-ece8-442c-b5fb-bd59075914a9,campaign,budgetyear,String,FALSE,TRUE,FALSE,FALSE,FALSE
6f2ce863-ece8-442c-b5fb-bd59075914a9,campaign,campaign,String,FALSE,TRUE,TRUE,FALSE,TRUE
6f2ce863-ece8-442c-b5fb-bd59075914a9,campaign,campaignend,Date,FALSE,TRUE,FALSE,FALSE,FALSE
6f2ce863-ece8-442c-b5fb-bd59075914a9,campaign,campaignflighting,String,FALSE,TRUE,FALSE,FALSE,FALSE
6f2ce863-ece8-442c-b5fb-bd59075914a9,campaign,campaignname,String,FALSE,TRUE,TRUE,FALSE,TRUE
6f2ce863-ece8-442c-b5fb-bd59075914a9,campaign,campaignobjective,String,FALSE,TRUE,FALSE,FALSE,FALSE
6f2ce863-ece8-442c-b5fb-bd59075914a9,campaign,campaignperiod,String,FALSE,TRUE,FALSE,FALSE,FALSE
6f2ce863-ece8-442c-b5fb-bd59075914a9,campaign,campaignscope,String,FALSE,TRUE,TRUE,FALSE,TRUE
6f2ce863-ece8-442c-b5fb-bd59075914a9,campaign,campaignstart,Date,FALSE,TRUE,FALSE,FALSE,FALSE
6f2ce863-ece8-442c-b5fb-bd59075914a9,campaign,cid,String,FALSE,TRUE,FALSE,FALSE,FALSE
6f2ce863-ece8-442c-b5fb-bd59075914a9,campaign,client_name,String,FALSE,TRUE,FALSE,FALSE,FALSE
6f2ce863-ece8-442c-b5fb-bd59075914a9,campaign,clientid,String,FALSE,TRUE,FALSE,FALSE,FALSE
6f2ce863-ece8-442c-b5fb-bd59075914a9,campaign,clientyear,String,FALSE,TRUE,FALSE,FALSE,FALSE
6f2ce863-ece8-442c-b5fb-bd59075914a9,campaign,country,String,FALSE,TRUE,FALSE,FALSE,FALSE
6f2ce863-ece8-442c-b5fb-bd59075914a9,campaign,data_state,String,FALSE,TRUE,FALSE,FALSE,FALSE
6f2ce863-ece8-442c-b5fb-bd59075914a9,campaign,filename,String,FALSE,FALSE,FALSE,FALSE,FALSE
6f2ce863-ece8-442c-b5fb-bd59075914a9,campaign,groupingtype,String,FALSE,TRUE,FALSE,FALSE,FALSE
6f2ce863-ece8-442c-b5fb-bd59075914a9,campaign,local_currency_name,String,FALSE,TRUE,FALSE,FALSE,FALSE
6f2ce863-ece8-442c-b5fb-bd59075914a9,campaign,mediaauthstring,String,FALSE,TRUE,FALSE,FALSE,FALSE
6f2ce863-ece8-442c-b5fb-bd59075914a9,campaign,omnicampaign,String,FALSE,TRUE,FALSE,FALSE,FALSE
6f2ce863-ece8-442c-b5fb-bd59075914a9,campaign,productid,String,FALSE,TRUE,FALSE,FALSE,FALSE
6f2ce863-ece8-442c-b5fb-bd59075914a9,campaign,region,String,FALSE,TRUE,FALSE,FALSE,FALSE
6f2ce863-ece8-442c-b5fb-bd59075914a9,campaign,scenario_name,String,FALSE,TRUE,FALSE,FALSE,FALSE
6f2ce863-ece8-442c-b5fb-bd59075914a9,campaign,source,String,FALSE,FALSE,FALSE,FALSE,FALSE
6f2ce863-ece8-442c-b5fb-bd59075914a9,campaign,sysactive,String,FALSE,FALSE,FALSE,FALSE,FALSE
6f2ce863-ece8-442c-b5fb-bd59075914a9,campaign,system_campaignid,String,FALSE,FALSE,FALSE,FALSE,FALSE
6f2ce863-ece8-442c-b5fb-bd59075914a9,campaign,tempid,String,FALSE,TRUE,FALSE,FALSE,FALSE
6f2ce863-ece8-442c-b5fb-bd59075914a9,campaign,templatetype,String,FALSE,TRUE,FALSE,FALSE,FALSE
3e185d41-9e21-44dc-9532-cd4bda1b5a0d,media_briefs,brand4,String,FALSE,TRUE,FALSE,FALSE,FALSE
3e185d41-9e21-44dc-9532-cd4bda1b5a0d,media_briefs,brand5,String,FALSE,TRUE,FALSE,FALSE,FALSE
3e185d41-9e21-44dc-9532-cd4bda1b5a0d,media_briefs,brand6,String,FALSE,TRUE,FALSE,FALSE,FALSE
3e185d41-9e21-44dc-9532-cd4bda1b5a0d,media_briefs,briefdetail,String,FALSE,TRUE,FALSE,FALSE,FALSE
f0867476-5d91-4fbf-8ebf-c5308309f4ea,media_plans,actualctc,Decimal,TRUE,TRUE,FALSE,FALSE,FALSE
f0867476-5d91-4fbf-8ebf-c5308309f4ea,media_plans,actualctc_local,Decimal,TRUE,TRUE,FALSE,FALSE,FALSE
3e185d41-9e21-44dc-9532-cd4bda1b5a0d,media_briefs,buymethod,String,FALSE,TRUE,FALSE,FALSE,FALSE
3e185d41-9e21-44dc-9532-cd4bda1b5a0d,media_briefs,buysystemfilter,String,FALSE,TRUE,FALSE,FALSE,FALSE
3e185d41-9e21-44dc-9532-cd4bda1b5a0d,media_briefs,channel,String,FALSE,TRUE,TRUE,FALSE,TRUE
3e185d41-9e21-44dc-9532-cd4bda1b5a0d,media_briefs,channelsubtype,String,FALSE,TRUE,TRUE,FALSE,TRUE
3e185d41-9e21-44dc-9532-cd4bda1b5a0d,media_briefs,channeltype,String,FALSE,TRUE,TRUE,FALSE,TRUE
3e185d41-9e21-44dc-9532-cd4bda1b5a0d,media_briefs,data_state,String,FALSE,TRUE,FALSE,FALSE,FALSE
3e185d41-9e21-44dc-9532-cd4bda1b5a0d,media_briefs,effective_date,Date,FALSE,TRUE,FALSE,FALSE,FALSE
3e185d41-9e21-44dc-9532-cd4bda1b5a0d,media_briefs,localchannel,String,FALSE,TRUE,TRUE,FALSE,TRUE
3e185d41-9e21-44dc-9532-cd4bda1b5a0d,media_briefs,media_brief_id,String,FALSE,TRUE,FALSE,FALSE,FALSE
3e185d41-9e21-44dc-9532-cd4bda1b5a0d,media_briefs,mediaauthheader,String,FALSE,TRUE,FALSE,FALSE,FALSE
3e185d41-9e21-44dc-9532-cd4bda1b5a0d,media_briefs,mediatype1,String,FALSE,TRUE,FALSE,FALSE,FALSE
3e185d41-9e21-44dc-9532-cd4bda1b5a0d,media_briefs,mediatype2,String,FALSE,TRUE,FALSE,FALSE,FALSE
3e185d41-9e21-44dc-9532-cd4bda1b5a0d,media_briefs,mediatype3,String,FALSE,TRUE,FALSE,FALSE,FALSE
3e185d41-9e21-44dc-9532-cd4bda1b5a0d,media_briefs,mediatype4,String,FALSE,TRUE,FALSE,FALSE,FALSE
3e185d41-9e21-44dc-9532-cd4bda1b5a0d,media_briefs,mixtypeid,LongInteger,FALSE,TRUE,FALSE,FALSE,FALSE
3e185d41-9e21-44dc-9532-cd4bda1b5a0d,media_briefs,mygrid_channel,String,FALSE,TRUE,FALSE,FALSE,FALSE
3e185d41-9e21-44dc-9532-cd4bda1b5a0d,media_briefs,mygrid_flightenddate,Date,FALSE,TRUE,FALSE,FALSE,FALSE
3e185d41-9e21-44dc-9532-cd4bda1b5a0d,media_briefs,mygrid_flightstartdate,Date,FALSE,TRUE,FALSE,FALSE,FALSE
3e185d41-9e21-44dc-9532-cd4bda1b5a0d,media_briefs,omniguid,String,FALSE,TRUE,FALSE,FALSE,FALSE
3e185d41-9e21-44dc-9532-cd4bda1b5a0d,media_briefs,plantype,String,FALSE,TRUE,FALSE,FALSE,FALSE
3e185d41-9e21-44dc-9532-cd4bda1b5a0d,media_briefs,predictivetrigger,String,FALSE,FALSE,FALSE,FALSE,FALSE
3e185d41-9e21-44dc-9532-cd4bda1b5a0d,media_briefs,subchannel,String,FALSE,FALSE,TRUE,FALSE,TRUE
3e185d41-9e21-44dc-9532-cd4bda1b5a0d,media_briefs,system_campaignid,String,FALSE,FALSE,FALSE,FALSE,FALSE
3e185d41-9e21-44dc-9532-cd4bda1b5a0d,media_briefs,system_mediaplanid,String,FALSE,FALSE,FALSE,FALSE,FALSE
f0867476-5d91-4fbf-8ebf-c5308309f4ea,media_plans,actualnetmedia,Decimal,TRUE,TRUE,FALSE,FALSE,FALSE
f0867476-5d91-4fbf-8ebf-c5308309f4ea,media_plans,actualnetmedia_local,Decimal,TRUE,TRUE,FALSE,FALSE,FALSE
f0867476-5d91-4fbf-8ebf-c5308309f4ea,media_plans,actuals,Decimal,TRUE,TRUE,FALSE,FALSE,FALSE
f0867476-5d91-4fbf-8ebf-c5308309f4ea,media_plans,actuals_local,Decimal,TRUE,TRUE,FALSE,FALSE,FALSE
f0867476-5d91-4fbf-8ebf-c5308309f4ea,media_plans,addedvalue,Decimal,TRUE,TRUE,TRUE,TRUE,FALSE
f0867476-5d91-4fbf-8ebf-c5308309f4ea,media_plans,addedvalue_local,Decimal,TRUE,TRUE,FALSE,FALSE,FALSE
f0867476-5d91-4fbf-8ebf-c5308309f4ea,media_plans,admissions,Decimal,TRUE,TRUE,FALSE,FALSE,FALSE
f0867476-5d91-4fbf-8ebf-c5308309f4ea,media_plans,adserving,Decimal,TRUE,TRUE,TRUE,TRUE,FALSE
f0867476-5d91-4fbf-8ebf-c5308309f4ea,media_plans,adserving_local,Decimal,TRUE,TRUE,FALSE,FALSE,FALSE
f0867476-5d91-4fbf-8ebf-c5308309f4ea,media_plans,adverificationcost,Decimal,TRUE,TRUE,FALSE,FALSE,FALSE
f0867476-5d91-4fbf-8ebf-c5308309f4ea,media_plans,adverificationcost_local,Decimal,TRUE,TRUE,FALSE,FALSE,FALSE
f0867476-5d91-4fbf-8ebf-c5308309f4ea,media_plans,adsize,String,FALSE,TRUE,FALSE,FALSE,FALSE
f0867476-5d91-4fbf-8ebf-c5308309f4ea,media_plans,adsizemix,String,FALSE,TRUE,FALSE,FALSE,FALSE
f0867476-5d91-4fbf-8ebf-c5308309f4ea,media_plans,asbof,Decimal,TRUE,TRUE,FALSE,FALSE,FALSE
f0867476-5d91-4fbf-8ebf-c5308309f4ea,media_plans,asbof_local,Decimal,TRUE,TRUE,FALSE,FALSE,FALSE
3e185d41-9e21-44dc-9532-cd4bda1b5a0d,media_briefs,briefedctc,Decimal,TRUE,TRUE,FALSE,FALSE,FALSE
f0867476-5d91-4fbf-8ebf-c5308309f4ea,media_plans,briefedctc,Decimal,TRUE,TRUE,FALSE,FALSE,FALSE
f0867476-5d91-4fbf-8ebf-c5308309f4ea,media_plans,audience,String,FALSE,TRUE,FALSE,FALSE,FALSE
f0867476-5d91-4fbf-8ebf-c5308309f4ea,media_plans,brand4,String,FALSE,TRUE,FALSE,FALSE,FALSE
f0867476-5d91-4fbf-8ebf-c5308309f4ea,media_plans,brand5,String,FALSE,TRUE,FALSE,FALSE,FALSE
f0867476-5d91-4fbf-8ebf-c5308309f4ea,media_plans,brand6,String,FALSE,TRUE,FALSE,FALSE,FALSE
f0867476-5d91-4fbf-8ebf-c5308309f4ea,media_plans,briefdetail,String,FALSE,TRUE,FALSE,FALSE,FALSE
3e185d41-9e21-44dc-9532-cd4bda1b5a0d,media_briefs,briefedctc_local,Decimal,TRUE,TRUE,FALSE,FALSE,FALSE
f0867476-5d91-4fbf-8ebf-c5308309f4ea,media_plans,briefedctc_local,Decimal,TRUE,TRUE,FALSE,FALSE,FALSE
f0867476-5d91-4fbf-8ebf-c5308309f4ea,media_plans,buyingplatform,String,FALSE,TRUE,FALSE,FALSE,FALSE
f0867476-5d91-4fbf-8ebf-c5308309f4ea,media_plans,buymethod,String,FALSE,TRUE,FALSE,FALSE,FALSE
f0867476-5d91-4fbf-8ebf-c5308309f4ea,media_plans,buysystemfilter,String,FALSE,TRUE,FALSE,FALSE,FALSE
f0867476-5d91-4fbf-8ebf-c5308309f4ea,media_plans,buytype,String,FALSE,TRUE,FALSE,FALSE,FALSE
f0867476-5d91-4fbf-8ebf-c5308309f4ea,media_plans,channel,String,FALSE,TRUE,TRUE,FALSE,TRUE
f0867476-5d91-4fbf-8ebf-c5308309f4ea,media_plans,channelsubtype,String,FALSE,TRUE,TRUE,FALSE,TRUE
f0867476-5d91-4fbf-8ebf-c5308309f4ea,media_plans,channeltype,String,FALSE,TRUE,TRUE,FALSE,TRUE
f0867476-5d91-4fbf-8ebf-c5308309f4ea,media_plans,clientmonth,String,FALSE,TRUE,FALSE,FALSE,FALSE
f0867476-5d91-4fbf-8ebf-c5308309f4ea,media_plans,commission,Decimal,TRUE,TRUE,TRUE,TRUE,FALSE
f0867476-5d91-4fbf-8ebf-c5308309f4ea,media_plans,commission_local,Decimal,TRUE,TRUE,FALSE,FALSE,FALSE
f0867476-5d91-4fbf-8ebf-c5308309f4ea,media_plans,data_state,String,FALSE,TRUE,FALSE,FALSE,FALSE
f0867476-5d91-4fbf-8ebf-c5308309f4ea,media_plans,daypart,String,FALSE,TRUE,FALSE,FALSE,FALSE
f0867476-5d91-4fbf-8ebf-c5308309f4ea,media_plans,daypartid,String,FALSE,TRUE,FALSE,FALSE,FALSE
f0867476-5d91-4fbf-8ebf-c5308309f4ea,media_plans,demo,String,FALSE,TRUE,FALSE,FALSE,FALSE
f0867476-5d91-4fbf-8ebf-c5308309f4ea,media_plans,democode,String,FALSE,TRUE,FALSE,FALSE,FALSE
f0867476-5d91-4fbf-8ebf-c5308309f4ea,media_plans,dst,Decimal,TRUE,TRUE,FALSE,FALSE,FALSE
f0867476-5d91-4fbf-8ebf-c5308309f4ea,media_plans,dst_local,Decimal,TRUE,TRUE,FALSE,FALSE,FALSE
f0867476-5d91-4fbf-8ebf-c5308309f4ea,media_plans,effective_date,Date,FALSE,TRUE,FALSE,FALSE,FALSE
f0867476-5d91-4fbf-8ebf-c5308309f4ea,media_plans,eqgrps,Decimal,TRUE,FALSE,TRUE,TRUE,FALSE
f0867476-5d91-4fbf-8ebf-c5308309f4ea,media_plans,estimateid,String,FALSE,FALSE,FALSE,FALSE,FALSE
f0867476-5d91-4fbf-8ebf-c5308309f4ea,media_plans,ethnicity,String,FALSE,FALSE,TRUE,FALSE,TRUE
f0867476-5d91-4fbf-8ebf-c5308309f4ea,media_plans,flightend,Date,FALSE,FALSE,FALSE,FALSE,FALSE
f0867476-5d91-4fbf-8ebf-c5308309f4ea,media_plans,flightstart,Date,FALSE,FALSE,FALSE,FALSE,FALSE
f0867476-5d91-4fbf-8ebf-c5308309f4ea,media_plans,footfalls,Decimal,TRUE,FALSE,FALSE,FALSE,FALSE
f0867476-5d91-4fbf-8ebf-c5308309f4ea,media_plans,formatmix,String,FALSE,FALSE,FALSE,FALSE,FALSE
f0867476-5d91-4fbf-8ebf-c5308309f4ea,media_plans,grossmedia,Decimal,TRUE,TRUE,TRUE,TRUE,FALSE
f0867476-5d91-4fbf-8ebf-c5308309f4ea,media_plans,grossmedia_local,Decimal,TRUE,TRUE,FALSE,FALSE,FALSE
f0867476-5d91-4fbf-8ebf-c5308309f4ea,media_plans,grps,Decimal,TRUE,FALSE,TRUE,TRUE,FALSE
f0867476-5d91-4fbf-8ebf-c5308309f4ea,media_plans,impressions,Decimal,TRUE,FALSE,TRUE,TRUE,FALSE
f0867476-5d91-4fbf-8ebf-c5308309f4ea,media_plans,installation,Decimal,TRUE,TRUE,FALSE,FALSE,FALSE
f0867476-5d91-4fbf-8ebf-c5308309f4ea,media_plans,installation_local,Decimal,TRUE,TRUE,FALSE,FALSE,FALSE
f0867476-5d91-4fbf-8ebf-c5308309f4ea,media_plans,inventorytype,String,FALSE,TRUE,FALSE,FALSE,FALSE
f0867476-5d91-4fbf-8ebf-c5308309f4ea,media_plans,issuedate,Date,FALSE,TRUE,FALSE,FALSE,FALSE
f0867476-5d91-4fbf-8ebf-c5308309f4ea,media_plans,itemdescription,String,FALSE,TRUE,FALSE,FALSE,FALSE
f0867476-5d91-4fbf-8ebf-c5308309f4ea,media_plans,latitude,String,FALSE,TRUE,FALSE,FALSE,FALSE
f0867476-5d91-4fbf-8ebf-c5308309f4ea,media_plans,localchannel,String,FALSE,TRUE,TRUE,FALSE,TRUE
f0867476-5d91-4fbf-8ebf-c5308309f4ea,media_plans,localtax1,Decimal,TRUE,TRUE,FALSE,FALSE,FALSE
f0867476-5d91-4fbf-8ebf-c5308309f4ea,media_plans,localtax1_local,Decimal,TRUE,TRUE,FALSE,FALSE,FALSE
f0867476-5d91-4fbf-8ebf-c5308309f4ea,media_plans,localtax2,Decimal,TRUE,TRUE,FALSE,FALSE,FALSE
f0867476-5d91-4fbf-8ebf-c5308309f4ea,media_plans,localtax2_local,Decimal,TRUE,TRUE,FALSE,FALSE,FALSE
f0867476-5d91-4fbf-8ebf-c5308309f4ea,media_plans,location,String,FALSE,TRUE,FALSE,FALSE,FALSE
f0867476-5d91-4fbf-8ebf-c5308309f4ea,media_plans,longitude,String,FALSE,TRUE,FALSE,FALSE,FALSE
f0867476-5d91-4fbf-8ebf-c5308309f4ea,media_plans,marketclass,String,FALSE,TRUE,FALSE,FALSE,FALSE
f0867476-5d91-4fbf-8ebf-c5308309f4ea,media_plans,marketid,String,FALSE,TRUE,FALSE,FALSE,FALSE
f0867476-5d91-4fbf-8ebf-c5308309f4ea,media_plans,marketmix,String,FALSE,TRUE,FALSE,FALSE,FALSE
f0867476-5d91-4fbf-8ebf-c5308309f4ea,media_plans,marketname,String,FALSE,TRUE,TRUE,FALSE,TRUE
f0867476-5d91-4fbf-8ebf-c5308309f4ea,media_plans,matchtype,String,FALSE,TRUE,FALSE,FALSE,FALSE
f0867476-5d91-4fbf-8ebf-c5308309f4ea,media_plans,materialclose,Date,FALSE,TRUE,FALSE,FALSE,FALSE
f0867476-5d91-4fbf-8ebf-c5308309f4ea,media_plans,media_brief_id,String,FALSE,TRUE,FALSE,FALSE,FALSE
f0867476-5d91-4fbf-8ebf-c5308309f4ea,media_plans,mediaauthheader,String,FALSE,TRUE,FALSE,FALSE,FALSE
f0867476-5d91-4fbf-8ebf-c5308309f4ea,media_plans,mediaformat,String,FALSE,TRUE,FALSE,FALSE,FALSE
f0867476-5d91-4fbf-8ebf-c5308309f4ea,media_plans,mediaid,String,FALSE,TRUE,FALSE,FALSE,FALSE
f0867476-5d91-4fbf-8ebf-c5308309f4ea,media_plans,medialevycost,Decimal,TRUE,TRUE,TRUE,TRUE,FALSE
f0867476-5d91-4fbf-8ebf-c5308309f4ea,media_plans,medialevycost_local,Decimal,TRUE,TRUE,FALSE,FALSE,FALSE
f0867476-5d91-4fbf-8ebf-c5308309f4ea,media_plans,medianame,String,FALSE,TRUE,FALSE,FALSE,FALSE
f0867476-5d91-4fbf-8ebf-c5308309f4ea,media_plans,mediaops,Decimal,TRUE,TRUE,FALSE,FALSE,FALSE
f0867476-5d91-4fbf-8ebf-c5308309f4ea,media_plans,mediaops_local,Decimal,TRUE,TRUE,FALSE,FALSE,FALSE
f0867476-5d91-4fbf-8ebf-c5308309f4ea,media_plans,mediatype1,String,FALSE,TRUE,FALSE,FALSE,FALSE
f0867476-5d91-4fbf-8ebf-c5308309f4ea,media_plans,mediatype2,String,FALSE,TRUE,FALSE,FALSE,FALSE
f0867476-5d91-4fbf-8ebf-c5308309f4ea,media_plans,mediatype3,String,FALSE,TRUE,FALSE,FALSE,FALSE
f0867476-5d91-4fbf-8ebf-c5308309f4ea,media_plans,mediatype4,String,FALSE,TRUE,FALSE,FALSE,FALSE
f0867476-5d91-4fbf-8ebf-c5308309f4ea,media_plans,mixtypeid,LongInteger,FALSE,TRUE,FALSE,FALSE,FALSE
f0867476-5d91-4fbf-8ebf-c5308309f4ea,media_plans,month_text,String,FALSE,TRUE,FALSE,FALSE,FALSE
f0867476-5d91-4fbf-8ebf-c5308309f4ea,media_plans,msrsupplier,String,FALSE,TRUE,FALSE,FALSE,FALSE
f0867476-5d91-4fbf-8ebf-c5308309f4ea,media_plans,mygrid_channel,String,FALSE,TRUE,FALSE,FALSE,FALSE
f0867476-5d91-4fbf-8ebf-c5308309f4ea,media_plans,mygrid_flightenddate,Date,FALSE,TRUE,FALSE,FALSE,FALSE
f0867476-5d91-4fbf-8ebf-c5308309f4ea,media_plans,mygrid_flightstartdate,Date,FALSE,TRUE,FALSE,FALSE,FALSE
f0867476-5d91-4fbf-8ebf-c5308309f4ea,media_plans,netmedia,Decimal,TRUE,TRUE,TRUE,TRUE,FALSE
f0867476-5d91-4fbf-8ebf-c5308309f4ea,media_plans,netmedia_local,Decimal,TRUE,TRUE,FALSE,FALSE,FALSE
f0867476-5d91-4fbf-8ebf-c5308309f4ea,media_plans,objective,String,FALSE,TRUE,FALSE,FALSE,FALSE
f0867476-5d91-4fbf-8ebf-c5308309f4ea,media_plans,objectivemix,String,FALSE,TRUE,FALSE,FALSE,FALSE
f0867476-5d91-4fbf-8ebf-c5308309f4ea,media_plans,omniguid,String,FALSE,TRUE,FALSE,FALSE,FALSE
f0867476-5d91-4fbf-8ebf-c5308309f4ea,media_plans,onsaledate,Date,FALSE,TRUE,FALSE,FALSE,FALSE
f0867476-5d91-4fbf-8ebf-c5308309f4ea,media_plans,othercost,Decimal,TRUE,TRUE,FALSE,FALSE,FALSE
f0867476-5d91-4fbf-8ebf-c5308309f4ea,media_plans,othercost_local,Decimal,TRUE,TRUE,FALSE,FALSE,FALSE
f0867476-5d91-4fbf-8ebf-c5308309f4ea,media_plans,placement,String,FALSE,TRUE,FALSE,FALSE,FALSE
f0867476-5d91-4fbf-8ebf-c5308309f4ea,media_plans,plannedctc,Decimal,TRUE,TRUE,FALSE,FALSE,FALSE
f0867476-5d91-4fbf-8ebf-c5308309f4ea,media_plans,plannedctc_local,Decimal,TRUE,TRUE,FALSE,FALSE,FALSE
f0867476-5d91-4fbf-8ebf-c5308309f4ea,media_plans,plannednetmedia,Decimal,TRUE,TRUE,FALSE,FALSE,FALSE
f0867476-5d91-4fbf-8ebf-c5308309f4ea,media_plans,plannednetmedia_local,Decimal,TRUE,TRUE,FALSE,FALSE,FALSE
f0867476-5d91-4fbf-8ebf-c5308309f4ea,media_plans,planstatus,String,FALSE,TRUE,TRUE,FALSE,TRUE
f0867476-5d91-4fbf-8ebf-c5308309f4ea,media_plans,plantype,String,FALSE,TRUE,FALSE,FALSE,FALSE
f0867476-5d91-4fbf-8ebf-c5308309f4ea,media_plans,population,Decimal,TRUE,FALSE,FALSE,FALSE,FALSE
f0867476-5d91-4fbf-8ebf-c5308309f4ea,media_plans,predictivetrigger,String,FALSE,FALSE,FALSE,FALSE,FALSE
f0867476-5d91-4fbf-8ebf-c5308309f4ea,media_plans,pretaxtotal,Decimal,TRUE,TRUE,FALSE,FALSE,FALSE
f0867476-5d91-4fbf-8ebf-c5308309f4ea,media_plans,pretaxtotal_local,Decimal,TRUE,TRUE,FALSE,FALSE,FALSE
f0867476-5d91-4fbf-8ebf-c5308309f4ea,media_plans,production,Decimal,TRUE,TRUE,TRUE,TRUE,FALSE
f0867476-5d91-4fbf-8ebf-c5308309f4ea,media_plans,production_local,Decimal,TRUE,TRUE,FALSE,FALSE,FALSE
f0867476-5d91-4fbf-8ebf-c5308309f4ea,media_plans,saleshouse,String,FALSE,TRUE,FALSE,FALSE,FALSE
f0867476-5d91-4fbf-8ebf-c5308309f4ea,media_plans,screens,Decimal,TRUE,FALSE,FALSE,FALSE,FALSE
f0867476-5d91-4fbf-8ebf-c5308309f4ea,media_plans,spaceclose,Date,FALSE,FALSE,FALSE,FALSE,FALSE
f0867476-5d91-4fbf-8ebf-c5308309f4ea,media_plans,specs,String,FALSE,FALSE,FALSE,FALSE,FALSE
f0867476-5d91-4fbf-8ebf-c5308309f4ea,media_plans,spots,Decimal,TRUE,FALSE,FALSE,FALSE,FALSE
f0867476-5d91-4fbf-8ebf-c5308309f4ea,media_plans,station,String,FALSE,FALSE,FALSE,FALSE,FALSE
f0867476-5d91-4fbf-8ebf-c5308309f4ea,media_plans,subchannel,String,FALSE,FALSE,TRUE,FALSE,TRUE
f0867476-5d91-4fbf-8ebf-c5308309f4ea,media_plans,supplierfreetext,String,FALSE,FALSE,FALSE,FALSE,FALSE
f0867476-5d91-4fbf-8ebf-c5308309f4ea,media_plans,suppliertaxonomy,String,FALSE,FALSE,FALSE,FALSE,FALSE
f0867476-5d91-4fbf-8ebf-c5308309f4ea,media_plans,suppliertype,String,FALSE,FALSE,FALSE,FALSE,FALSE
f0867476-5d91-4fbf-8ebf-c5308309f4ea,media_plans,system_campaignid,String,FALSE,FALSE,FALSE,FALSE,FALSE
f0867476-5d91-4fbf-8ebf-c5308309f4ea,media_plans,system_mediaplanid,String,FALSE,FALSE,FALSE,FALSE,FALSE
f0867476-5d91-4fbf-8ebf-c5308309f4ea,media_plans,tacticalctc,Decimal,TRUE,TRUE,FALSE,FALSE,FALSE
f0867476-5d91-4fbf-8ebf-c5308309f4ea,media_plans,tacticalctc_local,Decimal,TRUE,TRUE,FALSE,FALSE,FALSE
f0867476-5d91-4fbf-8ebf-c5308309f4ea,media_plans,targeting,String,FALSE,TRUE,FALSE,FALSE,FALSE
f0867476-5d91-4fbf-8ebf-c5308309f4ea,media_plans,titlefreetext,String,FALSE,TRUE,FALSE,FALSE,FALSE
f0867476-5d91-4fbf-8ebf-c5308309f4ea,media_plans,titletaxonomy,String,FALSE,TRUE,FALSE,FALSE,FALSE
f0867476-5d91-4fbf-8ebf-c5308309f4ea,media_plans,totalclient,Decimal,TRUE,TRUE,TRUE,TRUE,FALSE
f0867476-5d91-4fbf-8ebf-c5308309f4ea,media_plans,totalclient_local,Decimal,TRUE,TRUE,FALSE,FALSE,FALSE
f0867476-5d91-4fbf-8ebf-c5308309f4ea,media_plans,totalfees,Decimal,TRUE,TRUE,TRUE,TRUE,FALSE
f0867476-5d91-4fbf-8ebf-c5308309f4ea,media_plans,totalfees_local,Decimal,TRUE,TRUE,FALSE,FALSE,FALSE
f0867476-5d91-4fbf-8ebf-c5308309f4ea,media_plans,totalnet,Decimal,TRUE,TRUE,FALSE,FALSE,FALSE
f0867476-5d91-4fbf-8ebf-c5308309f4ea,media_plans,totalnet_local,Decimal,TRUE,TRUE,FALSE,FALSE,FALSE
f0867476-5d91-4fbf-8ebf-c5308309f4ea,media_plans,totaltax,Decimal,TRUE,TRUE,TRUE,TRUE,FALSE
f0867476-5d91-4fbf-8ebf-c5308309f4ea,media_plans,totaltax_local,Decimal,TRUE,TRUE,FALSE,FALSE,FALSE
f0867476-5d91-4fbf-8ebf-c5308309f4ea,media_plans,unitid,String,FALSE,TRUE,FALSE,FALSE,FALSE
f0867476-5d91-4fbf-8ebf-c5308309f4ea,media_plans,unitmix,String,FALSE,TRUE,FALSE,FALSE,FALSE
f0867476-5d91-4fbf-8ebf-c5308309f4ea,media_plans,unitrate,Decimal,TRUE,TRUE,FALSE,FALSE,FALSE
f0867476-5d91-4fbf-8ebf-c5308309f4ea,media_plans,unitrate_local,Decimal,TRUE,TRUE,FALSE,FALSE,FALSE
f0867476-5d91-4fbf-8ebf-c5308309f4ea,media_plans,units,Decimal,TRUE,FALSE,TRUE,TRUE,FALSE
f0867476-5d91-4fbf-8ebf-c5308309f4ea,media_plans,unitsize,String,FALSE,FALSE,FALSE,FALSE,FALSE
f0867476-5d91-4fbf-8ebf-c5308309f4ea,media_plans,vat,Decimal,TRUE,TRUE,FALSE,FALSE,FALSE
f0867476-5d91-4fbf-8ebf-c5308309f4ea,media_plans,vat_local,Decimal,TRUE,TRUE,FALSE,FALSE,FALSE
f0867476-5d91-4fbf-8ebf-c5308309f4ea,media_plans,vehicle,String,FALSE,TRUE,TRUE,FALSE,TRUE
f0867476-5d91-4fbf-8ebf-c5308309f4ea,media_plans,vendorfreetext,String,FALSE,TRUE,FALSE,FALSE,FALSE
f0867476-5d91-4fbf-8ebf-c5308309f4ea,media_plans,vendortaxonomy,String,FALSE,TRUE,FALSE,FALSE,FALSE
f0867476-5d91-4fbf-8ebf-c5308309f4ea,media_plans,week_text,Date,FALSE,TRUE,FALSE,FALSE,FALSE
